dateRequested,dateCompleted,description,technician
02/23/2017 11:38 PM, ,Everything is broken!,Mikey
02/22/2017 11:38 PM, ,This text is far too long to be displayed all at once,Duece
02/21/2017 11:38 PM,02/23/2017 11:38 PM,Hockey,Duece
02/21/2017 11:38 PM,02/23/2017 11:38 PM,Hockey,Duece
02/21/2017 11:38 PM,02/23/2017 11:38 PM,Hockey,Duece
02/21/2017 11:38 PM,02/23/2017 11:38 PM,Hockey,Duece
02/21/2017 11:38 PM,02/23/2017 11:38 PM,Hockey,Duece
02/21/2017 11:38 PM,02/23/2017 11:38 PM,Hockey,Duece
02/21/2017 11:38 PM,02/23/2017 11:38 PM,Hockey,Duece
02/21/2017 11:38 PM,02/23/2017 11:38 PM,Hockey,Duece
02/21/2017 11:38 PM,02/23/2017 11:38 PM,Hockey,Duece
02/21/2017 11:38 PM,02/23/2017 11:38 PM,Hockey,Duece
02/21/2017 11:38 PM,02/23/2017 11:38 PM,Hockey,Duece
02/21/2017 11:38 PM,02/23/2017 11:38 PM,Hockey,Duece
02/21/2017 11:38 PM,02/23/2017 11:38 PM,Hockey,Duece